證券代號,證券名稱,成交股數,成交金額,開盤價,最高價,最低價,收盤價,漲跌價差,成交筆數
1101,台泥,"11,365,000","482,729,950",42.65,42.70,42.20,42.65, 0.00,"4,893"
1101B,台泥乙特,"14,000","761,900",54.30,54.60,54.30,54.60,+0.10,7
1102,亞泥,"4,869,000","212,413,900",43.90,43.90,43.00,43.90, 0.00,"2,036"
1103,嘉泥,"616,000","9,834,000",16.05,16.05,15.80,16.05, 0.00,234
1104,環泥,"211,000","3,689,000",17.65,17.65,17.40,17.50,-0.05,96
1108,幸福,"508,000","4,517,900",8.91,8.98,8.83,8.97,+0.12,134
1109,信大,"94,000","1,634,650",17.50,17.50,17.30,17.40,+0.10,47
1110,東泥,"20,000","317,650",15.55,15.90,15.55,15.90,+0.55,12
1201,味全,"1,001,000","21,776,500",22.00,22.10,21.45,22.00,+0.05,536
1203,味王,"60,000","1,681,600",28.05,28.15,27.95,28.10,+0.05,31
1210,大成,"3,548,000","156,727,250",43.20,44.45,43.20,44.25,+1.05,"2,415"
1213,大飲,"1,000","6,030",6.03,6.03,6.03,6.03, 0.00,1
1215,卜蜂,"3,514,000","257,873,500",72.00,74.20,72.00,73.70,+2.20,"2,422"
1216,統一,"5,601,000","399,310,700",72.20,72.20,70.60,71.80,-0.10,"2,513"
1217,愛之味,"1,394,000","9,824,110",7.07,7.10,7.01,7.05,-0.02,465
1218,泰山,"1,901,000","44,796,650",24.00,24.00,23.30,23.90,+0.05,742
1219,福壽,"56,000","1,063,450",19.00,19.10,18.95,19.00,-0.05,35
1220,台榮,"717,000","7,757,350",10.70,11.00,10.65,10.80,+0.20,298
1225,福懋油,"127,000","4,670,650",36.90,36.90,36.60,36.80,+0.45,59
1227,佳格,"829,000","53,709,500",65.10,65.40,64.10,65.40,+0.40,573
1229,聯華,"1,609,000","67,084,800",41.55,41.95,41.35,41.85,+0.30,816
1231,聯華食,"111,000","4,596,750",41.50,41.65,41.05,41.50, 0.00,82
1232,大統益,"34,000","3,990,500",117.50,117.50,116.50,117.50, 0.00,20
1233,天仁,"30,000","1,073,800",35.90,36.10,35.50,35.70,+0.05,16
1234,黑松,"42,000","1,342,850",31.85,32.15,31.80,32.00,+0.25,34
1235,興泰,"7,000","181,350",25.80,26.20,25.80,25.85,+0.30,7
1236,宏亞,"37,000","439,850",11.80,11.95,11.80,11.90,+0.10,14
1256,鮮活果汁-KY,"34,000","6,959,500",203.50,207.00,201.00,207.00,+3.50,34
1301,台塑,"6,849,000","575,691,200",85.00,85.30,83.20,84.30,-0.70,"4,136"
1303,南亞,"4,448,000","273,865,800",62.90,62.90,60.80,62.10,-0.20,"2,718"
1304,台聚,"969,000","11,541,950",12.00,12.00,11.80,11.90, 0.00,464
1305,華夏,"2,922,000","55,768,050",19.20,19.35,18.95,19.00, 0.00,"1,226"
1307,三芳,"4,760,000","126,978,400",27.90,27.90,25.90,25.95,+0.40,"2,523"
1308,亞聚,"1,477,000","25,614,450",17.50,17.50,17.25,17.35,-0.05,605
1309,台達化,"21,596,000","277,969,650",12.45,13.30,12.45,12.75,+0.40,"6,727"
1310,台苯,"1,003,000","16,304,550",16.35,16.40,16.20,16.25, 0.00,374
1312,國喬,"6,048,000","86,670,250",14.55,14.55,14.15,14.35,-0.15,"2,129"
1312A,國喬特,0,0,0.00,0.00,0.00,0.00, 0.00,0
1313,聯成,"606,000","5,619,540",9.26,9.38,9.21,9.26,-0.01,191
1314,中石化,"10,036,000","83,438,990",8.39,8.39,8.23,8.31,+0.01,"2,233"
1315,達新,"1,182,000","65,952,500",56.10,56.40,55.20,56.20,+0.60,611
1316,上曜,"240,000","2,606,600",10.90,10.95,10.70,10.90,-0.05,103
1319,東陽,"953,000","35,660,800",37.70,37.80,36.95,37.40,-0.25,600
1321,大洋,"250,000","7,524,050",30.00,30.30,29.80,30.20,+0.35,116
1323,永裕,"79,000","2,615,550",33.05,33.20,33.00,33.20, 0.00,25
1324,地球,"150,000","1,456,690",9.67,9.76,9.58,9.71,+0.04,34
1325,恆大,"3,068,000","519,449,500",178.00,178.00,160.50,178.00, 0.00,"1,673"
1326,台化,"7,170,000","512,060,800",72.30,72.40,70.80,71.90,-0.30,"4,220"
1337,再生-KY,"3,436,000","18,419,250",5.09,5.52,5.04,5.27,+0.25,949
1338,廣華-KY,"206,000","10,620,000",51.90,52.20,51.00,52.00,+0.40,137
1339,昭輝,"571,000","24,484,300",42.00,43.95,41.25,43.80,+1.80,407
1340,勝悅-KY,"174,000","1,784,200",10.25,10.50,10.10,10.35,+0.10,88
1341,富林-KY,"32,000","1,954,000",61.00,61.50,61.00,61.50,+0.60,13
1402,遠東新,"9,459,000","252,753,200",27.10,27.15,26.45,26.90,+0.05,"3,661"
1409,新纖,"4,954,000","54,325,850",10.80,11.10,10.75,11.00,+0.20,"1,556"
1410,南染,"66,000","2,003,100",30.35,30.85,30.30,30.30,-0.05,11
1413,宏洲,"51,000","362,010",7.00,7.14,7.00,7.01,+0.01,23
1414,東和,"146,000","942,450",6.44,6.54,6.42,6.53,+0.10,50
1416,廣豐,"101,000","1,139,000",11.40,11.40,11.20,11.40,+0.10,41
1417,嘉裕,"723,000","5,841,340",7.91,8.25,7.76,8.25,+0.38,188
1418,東華,0,0,0.00,0.00,0.00,0.00, 0.00,0
1419,新紡,"30,000","1,208,050",39.50,40.85,39.45,40.85,+1.70,25
1423,利華,"142,000","1,539,650",10.90,10.90,10.80,10.90,+0.05,32
1432,大魯閣,"220,000","1,262,820",5.99,5.99,5.60,5.78,+0.09,82
1434,福懋,"1,638,000","55,271,950",33.80,34.10,33.25,34.05,+0.25,"1,128"
1435,中福,"38,000","310,280",8.22,8.22,8.13,8.20,+0.04,28
1436,華友聯,"26,000","964,650",37.15,37.20,37.00,37.20,+0.30,20
1437,勤益控,"74,000","1,506,500",20.50,20.50,20.25,20.40,-0.05,36
1438,裕豐,"7,000","85,350",12.25,12.25,12.10,12.15,+0.05,5
1439,中和,"916,000","32,721,050",35.40,36.20,35.15,36.10,+1.00,507
1440,南紡,"1,402,000","12,511,400",9.02,9.10,8.81,8.91,-0.08,453
1441,大東,"46,000","321,360",7.00,7.00,6.97,7.00,+0.02,23
1442,名軒,"295,000","5,253,450",17.70,18.05,17.65,18.05,+0.60,141
1443,立益,"31,000","278,410",8.91,9.13,8.91,9.13,+0.13,10
1444,力麗,"1,309,000","9,029,410",6.93,6.95,6.83,6.88,+0.06,368
1445,大宇,"56,000","456,590",8.08,8.30,8.08,8.30,+0.04,28
1446,宏和,"67,000","1,932,100",28.90,29.30,28.60,28.75, 0.00,59
1447,力鵬,"221,000","1,263,240",5.76,5.76,5.70,5.72,-0.03,88
1449,佳和,"697,000","10,640,250",15.00,15.50,15.00,15.30,+0.30,319
1451,年興,"85,000","1,244,400",14.65,14.70,14.60,14.65,-0.05,47
1452,宏益,"183,000","3,072,750",16.75,16.90,16.70,16.90,+0.15,78
1453,大將,"96,000","679,600",6.94,7.26,6.94,7.01,+0.18,61
1454,台富,"41,000","316,080",7.71,7.74,7.69,7.74,+0.04,23
1455,集盛,"311,000","2,224,480",7.19,7.30,7.11,7.12,-0.07,141
1456,怡華,"300,000","2,699,930",8.28,9.09,8.20,9.09,+0.82,88
1457,宜進,"457,000","5,417,150",12.00,12.00,11.75,11.85,-0.10,92
1459,聯發,"170,000","1,180,100",6.85,7.07,6.85,7.06,+0.21,53
1460,宏遠,"2,222,000","18,360,320",8.45,8.55,8.10,8.18,-0.24,816
1463,強盛,"123,000","1,408,200",11.35,11.55,11.30,11.50,+0.15,59
1464,得力,"2,362,000","50,315,000",20.90,21.90,20.50,21.90,+1.05,994
1465,偉全,"142,000","2,166,950",15.20,15.70,15.20,15.30,+0.10,75
1466,聚隆,"97,000","742,680",7.54,7.75,7.51,7.70,+0.16,40
1467,南緯,"6,248,000","69,610,450",11.00,11.40,10.60,11.40,+1.00,"2,342"
1468,昶和,"8,000","77,830",9.65,9.86,9.61,9.86,-0.05,8
1470,大統新創,0,0,0.00,0.00,0.00,0.00, 0.00,0
1471,首利,"16,000","33,250",2.04,2.09,2.04,2.09,-0.05,6
1472,三洋紡,"331,000","3,675,550",11.35,11.35,10.95,11.15,-0.20,162
1473,台南,"168,000","3,296,400",20.05,20.05,19.50,19.75,-0.05,112
1474,弘裕,"193,000","1,794,100",9.40,9.40,9.25,9.30,-0.01,110
1475,本盟,"3,000","42,550",13.35,14.60,13.35,14.60,+1.25,3
1476,儒鴻,"2,094,000","621,465,000",295.50,302.00,290.00,300.00,+5.50,"1,624"
1477,聚陽,"2,903,000","398,547,500",137.50,140.00,136.00,137.50,+2.50,"2,196"
1503,士電,"90,000","3,983,700",44.40,44.80,43.80,44.35,+0.20,54
1504,東元,"2,113,000","59,452,150",28.10,28.45,27.80,28.15, 0.00,"1,210"
1506,正道,"465,000","5,717,700",12.75,12.75,12.10,12.35,-0.30,196
1507,永大,"68,000","3,823,700",56.20,56.80,55.80,56.70,+0.60,57
1512,瑞利,"721,000","3,646,190",5.15,5.15,5.03,5.03,-0.55,128
1513,中興電,"2,038,000","56,484,100",27.75,28.00,27.45,27.70,+0.30,863
1514,亞力,"2,312,000","47,818,950",20.60,21.05,20.20,21.05,+0.45,834
1515,力山,"11,249,000","870,006,500",75.80,78.80,75.00,77.90,+3.70,"7,202"
1516,川飛,"89,000","1,186,200",13.55,13.75,13.00,13.65, 0.00,43
1517,利奇,"1,553,000","12,782,610",8.00,8.40,7.91,8.32,+0.42,473
1519,華城,"1,227,000","30,811,150",25.70,25.70,24.90,25.10,-0.40,691
1521,大億,"12,000","690,600",57.60,57.60,57.50,57.60, 0.00,11
1522,堤維西,"200,000","4,631,000",23.20,23.50,22.90,23.25,+0.10,119
1524,耿鼎,"36,000","315,150",8.72,8.80,8.70,8.78,+0.03,27
1525,江申,"116,000","5,332,550",47.00,47.10,45.40,46.30,-0.30,107
1526,日馳,"2,831,000","88,217,650",30.45,31.45,30.15,31.45,+2.85,"1,435"
1527,鑽全,"376,000","14,938,650",39.95,39.95,39.45,39.70,-0.25,238
1528,恩德,"87,000","647,190",7.43,7.49,7.36,7.43, 0.00,34
1529,樂士,"77,000","1,087,900",13.80,14.45,13.55,14.20, 0.00,34
1530,亞崴,"114,000","3,632,600",32.00,32.20,31.60,31.60, 0.00,40
1531,高林股,"98,000","1,232,350",12.95,12.95,12.40,12.60,-0.15,57
1532,勤美,"488,000","13,481,500",28.00,28.20,26.55,27.95,+0.10,187
1533,車王電,"19,000","507,400",26.90,26.90,26.55,26.80,-0.20,19
1535,中宇,"7,000","225,800",32.10,32.35,32.10,32.35,+0.30,6
1536,和大,"1,189,000","112,626,700",95.40,95.40,94.00,95.00,-0.60,935
1537,廣隆,"76,000","10,826,500",142.00,143.50,141.50,143.00,+1.50,65
1538,正峰新,"30,000","76,760",2.57,2.57,2.39,2.39,-0.18,9
1539,巨庭,"63,000","1,070,200",17.20,17.20,16.70,17.00,-0.15,47
1540,喬福,"79,000","1,263,900",16.00,16.05,15.95,16.00,+0.05,37
1541,錩泰,"176,000","7,033,000",39.75,40.35,39.50,40.25,+0.60,97
1558,伸興,"42,000","5,512,500",131.50,132.50,130.00,132.50,+2.00,38
1560,中砂,"148,000","8,892,200",60.40,60.70,59.50,60.60,+0.20,108
1568,倉佑,"78,000","1,196,100",15.15,15.50,15.15,15.50,+0.20,50
1582,信錦,"295,000","23,955,900",82.30,82.30,80.30,81.50,+0.40,206
1583,程泰,"1,000","60,100",60.10,60.10,60.10,60.10,+0.80,1
1587,吉茂,"2,000","25,850",12.75,13.10,12.75,13.10,+0.05,2
1589,永冠-KY,"209,000","12,573,100",59.80,60.90,59.50,60.20,+0.90,153
1590,亞德客-KY,"785,000","427,369,000",547.00,557.00,532.00,556.00,+13.00,665
1592,英瑞-KY,"569,000","6,113,200",10.65,10.95,10.50,10.75,+0.10,279
1598,岱宇,"3,886,000","184,965,850",48.00,48.45,46.80,47.60,+0.50,"2,192"
1603,華電,"60,000","1,586,350",26.20,26.60,26.20,26.35,+0.45,23
1604,聲寶,"389,000","7,604,650",19.50,19.65,19.45,19.60,+0.05,114
1605,華新,"2,686,000","33,530,100",12.55,12.55,12.40,12.50, 0.00,651
1608,華榮,"304,000","2,792,040",9.15,9.29,9.08,9.20,+0.05,157
1609,大亞,"4,893,000","51,962,650",10.40,10.80,10.30,10.70,+0.40,"1,488"
1611,中電,"814,000","10,581,950",13.20,13.20,12.95,13.00,-0.10,351
1612,宏泰,"174,000","1,731,180",10.00,10.00,9.93,10.00,+0.02,54
1614,三洋電,"45,000","1,396,200",31.20,31.30,30.90,31.10,-0.20,30
1615,大山,"118,000","2,616,800",22.30,22.30,21.90,22.25,+0.35,70
1616,億泰,"31,000","125,830",4.02,4.10,4.02,4.06,-0.04,22
1617,榮星,"10,000","110,650",11.05,11.10,11.05,11.10, 0.00,9
1618,合機,"86,000","668,550",7.80,7.80,7.75,7.79,+0.09,26
1626,艾美特-KY,"145,000","3,734,650",25.70,26.70,25.00,26.00,+0.25,114
1701,中化,"12,584,000","287,481,450",22.35,23.30,22.05,23.05,+1.20,"5,777"
1702,南僑,"137,000","6,043,250",44.00,44.50,43.80,44.50,+0.50,98
1707,葡萄王,"224,000","42,876,000",192.00,192.50,190.50,192.00,+1.00,196
1708,東鹼,"297,000","7,088,300",24.05,24.05,23.80,23.85,-0.10,111
1709,和益,"672,000","8,850,500",13.25,13.30,13.05,13.15, 0.00,240
1710,東聯,"939,000","15,795,900",17.00,17.15,16.70,16.90,-0.05,335
1711,永光,"607,000","8,806,950",14.60,14.65,14.40,14.55,+0.10,278
1712,興農,"952,000","17,218,700",18.10,18.20,18.00,18.20,+0.05,305
1713,國化,"22,000","394,300",18.00,18.00,17.85,17.90, 0.00,15
1714,和桐,"1,714,000","12,309,650",7.23,7.28,7.10,7.22,+0.02,457
1717,長興,"5,849,000","180,925,800",30.45,31.30,30.10,31.20,+1.00,"2,596"
1718,中纖,"2,302,000","14,377,240",6.29,6.35,6.20,6.26,-0.06,601
1720,生達,"2,192,000","89,471,900",41.00,41.35,40.25,40.70,+0.30,"1,305"
1721,三晃,"241,000","2,364,740",9.80,9.91,9.70,9.85,+0.05,106
1722,台肥,"1,747,000","85,439,550",49.20,49.20,48.55,49.00,+0.10,"1,009"
1723,中碳,"240,000","24,249,500",101.50,102.00,100.00,101.50, 0.00,181
1724,台硝,"6,000","72,750",12.10,12.20,12.10,12.20,+0.10,5
1725,元禎,"10,000","140,500",14.10,14.10,13.85,14.10,-0.05,8
1726,永記,"1,000","69,100",69.10,69.10,69.10,69.10,+1.00,1
1727,中華化,"24,000","217,040",9.01,9.13,9.00,9.11,+0.08,15
1730,花仙子,"128,000","9,058,700",71.50,71.50,70.40,70.80,-0.20,101
1731,美吾華,"5,181,000","75,224,950",13.75,14.85,13.65,14.70,+0.95,"2,082"
1732,毛寶,"3,132,000","106,396,600",35.05,35.05,33.00,33.75,-1.30,"1,930"
1733,五鼎,"952,000","23,903,950",25.25,25.50,24.50,25.45,+0.95,571
1734,杏輝,"3,802,000","83,269,950",20.85,22.70,20.65,22.70,+2.05,"1,801"
1735,日勝化,0,0,0.00,0.00,0.00,0.00, 0.00,0
1736,喬山,"5,999,000","405,727,500",67.10,68.60,66.40,68.00,+2.40,"3,647"
1737,臺鹽,"201,000","6,230,700",30.90,31.15,30.85,31.10,+0.25,95
1760,寶齡富錦,"35,097,000","6,031,653,000",169.00,176.00,167.00,174.00,+9.00,"23,994"
1762,中化生,"11,378,000","744,623,400",65.30,66.80,64.50,64.70,-0.60,"7,173"
1773,勝一,"190,000","18,137,400",95.50,96.90,94.60,96.80,+0.80,154
1776,展宇,"42,000","706,700",16.50,17.00,16.50,17.00,+0.60,21
1783,和康生,"2,959,000","84,555,850",27.10,29.25,27.10,28.60,+1.75,"1,765"
1786,科妍,"288,000","18,395,500",63.10,64.40,62.20,64.30,+1.50,232
1789,神隆,"8,981,000","290,873,200",31.90,33.00,31.30,32.90,+1.60,"4,615"
1795,美時,"2,643,000","208,866,300",77.90,80.40,77.20,78.80,+1.00,"1,982"
1802,台玻,"468,000","4,039,120",8.70,8.71,8.56,8.69,+0.04,142
1805,寶徠,"79,000","615,730",8.13,8.29,7.70,8.10,+0.04,50
1806,冠軍,"96,000","465,660",4.88,4.91,4.81,4.91,+0.03,50
1808,潤隆,"160,000","9,450,200",58.70,59.80,58.30,59.50,+0.80,131
1809,中釉,"459,000","4,087,440",8.85,9.01,8.85,8.95,-0.08,143
1810,和成,"232,000","1,669,870",7.21,7.25,7.15,7.25,+0.01,47
1817,凱撒衛,"58,000","1,733,350",29.80,30.20,29.75,30.20,+0.10,35
1902,台紙,"1,921,000","39,668,950",20.65,20.70,20.65,20.65, 0.00,136
1903,士紙,"1,355,000","61,900,450",42.30,46.65,42.20,46.55,+4.10,553
1904,正隆,"7,439,000","175,356,200",24.25,24.25,23.35,23.45,-0.60,"3,307"
1905,華紙,"839,000","6,530,230",7.82,7.90,7.73,7.81,+0.02,225
1906,寶隆,"172,000","2,020,250",11.75,11.85,11.65,11.80,+0.05,75
1907,永豐餘,"3,253,000","42,238,800",13.15,13.20,12.90,13.00,-0.15,943
1909,榮成,"3,668,000","44,520,250",12.25,12.30,12.00,12.25,+0.05,"1,043"
2002,中鋼,"9,524,000","186,756,000",19.70,19.75,19.50,19.65,+0.05,"3,173"
2002A,中鋼特,"16,000","854,600",53.10,53.50,53.10,53.50,+0.10,13
2006,東和鋼鐵,"1,297,000","30,886,300",23.80,23.90,23.60,23.90,+0.05,458
2007,燁興,"30,000","114,880",3.80,3.86,3.80,3.85,+0.05,17
2008,高興昌,"15,000","184,900",12.40,12.40,12.30,12.35,+0.05,7
2009,第一銅,"118,000","846,640",7.22,7.22,7.13,7.16,-0.06,47
2010,春源,"193,000","1,795,190",9.32,9.37,9.24,9.37,+0.07,65
2012,春雨,"28,000","488,550",17.50,17.50,17.40,17.40,-0.05,17
2013,中鋼構,"210,000","5,036,200",24.20,24.20,23.80,24.10,-0.10,141
2014,中鴻,"889,000","6,435,260",7.34,7.35,7.16,7.25,-0.05,313
2015,豐興,"153,000","7,983,800",52.10,52.40,51.80,52.40,+0.30,98
2017,官田鋼,"177,000","1,175,670",6.57,6.69,6.57,6.68,+0.12,68
2020,美亞,"435,000","7,678,100",17.75,17.80,17.50,17.65,-0.05,213
2022,聚亨,"305,000","1,248,410",4.11,4.13,4.06,4.10,-0.04,70
2023,燁輝,"608,000","5,067,790",8.39,8.41,8.20,8.34,+0.02,178
2024,志聯,"38,000","467,950",12.30,12.35,12.30,12.35,+0.05,11
2025,千興,"301,000","469,970",1.53,1.57,1.53,1.57,-0.13,26
2027,大成鋼,"3,445,000","92,579,400",27.15,27.15,26.45,27.00, 0.00,"1,870"
2028,威致,"48,000","455,210",9.38,9.50,9.38,9.50, 0.00,20
2029,盛餘,"51,000","821,400",16.35,16.35,16.00,16.20,+0.20,29
2030,彰源,"168,000","1,703,250",10.15,10.20,10.10,10.20,+0.10,62
2031,新光鋼,"456,000","10,914,000",23.70,24.20,23.65,24.20,+0.25,228
2032,新鋼,"12,000","99,470",8.30,8.35,8.20,8.24,-0.03,8
2033,佳大,"30,000","273,430",9.05,9.39,9.04,9.05,-0.16,25
2034,允強,"219,000","5,193,400",23.85,23.85,23.60,23.80,+0.10,120
2038,海光,"1,344,000","9,426,690",6.94,7.10,6.86,6.96,+0.10,467
2049,上銀,"1,744,000","502,695,500",286.00,291.50,282.00,291.50,+7.50,"1,464"
2059,川湖,"266,000","85,940,000",323.50,325.00,321.50,323.50,+3.50,241
2062,橋椿,"935,000","18,996,500",18.70,20.55,18.70,20.55,+1.85,403
2069,運錩,"59,000","873,200",14.90,14.90,14.60,14.75,-0.25,35
2101,南港,"2,865,000","114,029,450",39.35,40.65,38.45,40.65,+1.30,"1,382"
2102,泰豐,"2,191,000","33,972,900",15.45,15.75,15.20,15.40,+0.10,644
2103,台橡,"1,321,000","21,579,850",16.45,16.55,16.20,16.50,+0.15,521
2104,國際中橡,"3,321,000","65,911,550",19.95,20.05,19.65,20.05,+0.15,"1,462"
2105,正新,"2,164,000","69,962,300",32.65,32.80,31.90,32.50,-0.05,"1,047"
2106,建大,"1,678,000","50,304,550",30.50,30.50,29.70,29.70,-0.60,725
2107,厚生,"677,000","12,063,850",17.95,18.00,17.70,17.95,-0.05,213
2108,南帝,"3,713,000","132,604,550",35.15,36.55,34.80,36.35,+1.35,"2,341"
2109,華豐,"344,000","4,506,200",13.40,13.40,13.00,13.10,-0.15,121
2114,鑫永銓,"30,000","2,404,900",80.00,80.50,79.80,80.10,+0.10,25
2115,六暉-KY,"23,000","911,850",40.70,40.70,39.50,39.70,-0.15,16
2201,裕隆,"8,163,000","164,257,600",20.20,20.50,19.95,20.25,+0.20,"2,677"
2204,中華,"1,224,000","43,664,300",35.70,36.40,35.15,36.10,+0.30,579
2206,三陽工業,"1,471,000","30,052,900",20.40,20.60,20.10,20.60,+0.60,621
2207,和泰車,"357,000","183,814,000",517.00,521.00,506.00,519.00,+7.00,317
2208,台船,"559,000","13,296,700",23.80,24.00,23.55,24.00,+0.20,295
2227,裕日車,"71,000","18,436,000",258.50,261.00,258.50,261.00,+2.50,53
2228,劍麟,"416,000","35,321,900",85.80,86.50,83.30,86.50,+0.90,358
2231,為升,"1,146,000","172,177,500",152.50,154.00,147.50,150.50,-1.50,850
2233,宇隆,"551,000","33,731,300",60.30,62.40,59.10,62.20,+2.10,338
2236,百達-KY,"288,000","5,145,900",18.70,18.85,17.15,17.90,+0.45,189
2239,英利-KY,"35,000","2,024,200",58.20,58.30,57.20,58.00,-0.20,33
2243,宏旭-KY,"16,000","158,580",9.90,10.05,9.83,10.05,+0.22,9
2301,光寶科,"3,556,000","166,118,600",46.80,47.25,46.20,47.25,+0.50,"2,078"
2302,麗正,"72,000","506,400",7.04,7.06,6.98,6.98,-0.04,31
2303,聯電,"19,060,000","285,840,750",15.10,15.10,14.85,15.10, 0.00,"4,240"
2305,全友,"134,000","697,960",5.23,5.28,5.19,5.21,-0.01,38
2308,台達電,"3,065,000","424,883,000",138.00,139.50,137.00,139.50,+1.50,"1,417"
2312,金寶,"5,472,000","64,098,150",11.85,11.90,11.65,11.65,-0.15,"1,584"
2313,華通,"26,036,000","1,023,934,750",39.65,40.35,38.30,40.15,+0.55,"11,012"
2314,台揚,"1,383,000","28,925,800",21.15,21.40,20.50,20.90,-0.50,731
2316,楠梓電,"3,266,000","97,302,350",29.90,30.30,29.25,29.75,+0.05,"1,157"
2317,鴻海,"26,870,000","1,966,758,600",73.50,73.60,72.60,73.60, 0.00,"13,024"
2321,東訊,"28,000","39,730",1.42,1.43,1.40,1.40, 0.00,10
2323,中環,"7,741,000","56,327,140",7.45,7.46,7.21,7.25,-0.12,"2,046"
2324,仁寶,"6,302,000","116,285,200",18.55,18.60,18.35,18.45,+0.05,"1,601"
2327,國巨,"23,584,000","8,629,256,000",371.50,377.00,356.00,376.00,+4.50,"17,400"
2328,廣宇,"851,000","15,247,050",18.00,18.15,17.70,18.10,+0.15,420
2329,華泰,"1,513,000","17,370,100",11.65,11.65,11.35,11.45,-0.10,443
2330,台積電,"26,688,000","7,754,681,500",290.50,293.00,288.50,292.00, 0.00,"13,013"
2331,精英,"550,000","6,333,450",11.65,11.65,11.40,11.50, 0.00,218
2332,友訊,"3,989,000","49,409,750",12.30,12.55,12.10,12.55,+0.30,"1,187"
2337,旺宏,"41,582,000","1,381,187,500",33.95,34.00,32.70,33.20,-0.50,"16,108"
2338,光罩,"2,800,000","73,801,000",26.85,27.00,26.05,26.25,-0.30,"1,572"
2340,光磊,"9,323,000","202,804,100",21.25,22.25,20.85,22.10,+1.10,"3,531"
2342,茂矽,"24,834,000","762,667,900",29.20,31.80,29.05,31.50,+2.55,"11,410"
2344,華邦電,"20,978,000","263,726,600",12.80,12.85,12.40,12.60,-0.15,"5,876"
2345,智邦,"10,790,000","2,434,965,500",219.00,230.00,217.50,229.00,+11.50,"6,568"
2347,聯強,"3,948,000","174,888,000",44.95,44.95,43.70,44.45,-0.25,"2,496"
2348,海悅,"1,039,000","64,484,500",61.00,63.50,60.60,63.50,+3.00,514
2349,錸德,"8,483,000","47,571,130",5.77,5.81,5.50,5.57,-0.13,"2,078"
2351,順德,"436,000","19,127,750",43.55,44.60,43.15,44.25,+0.60,296
2352,佳世達,"2,410,000","39,779,650",16.50,16.70,16.30,16.65,+0.15,829
2353,宏碁,"5,990,000","95,979,350",16.15,16.20,15.90,16.05,-0.05,"1,827"
2354,鴻準,"1,789,000","94,832,700",53.90,54.00,52.40,53.20,-0.40,"1,193"
2355,敬鵬,"794,000","19,167,100",24.30,24.40,23.60,24.40,+0.25,419
2356,英業達,"4,863,000","116,316,950",23.75,24.10,23.60,24.10,+0.40,"1,792"
2357,華碩,"1,176,000","241,154,000",205.00,206.00,203.00,206.00,+1.50,787
2358,廷鑫,"138,000","1,852,500",13.55,13.60,13.30,13.60,+0.05,65
2359,所羅門,"188,000","3,385,400",18.20,18.20,17.85,18.10,+0.05,111
2360,致茂,"450,000","59,513,000",132.50,134.00,130.50,133.50,+3.00,366
2362,藍天,"215,000","6,235,450",29.30,29.30,28.80,29.05,-0.10,138
2363,矽統,"28,040,000","387,778,350",14.00,14.25,13.50,13.55,-0.35,"9,106"
2364,倫飛,"60,000","120,200",2.00,2.02,2.00,2.00,-0.05,9
2365,昆盈,"730,000","6,016,740",8.20,8.40,8.10,8.35,+0.21,273
2367,燿華,"21,777,000","499,189,850",22.60,23.40,22.05,23.25,+1.05,"9,313"
2368,金像電,"48,334,000","1,578,432,600",33.60,33.75,31.85,33.15,-0.20,"17,071"
2369,菱生,"1,574,000","14,638,590",9.40,9.41,9.21,9.31,-0.06,489
2371,大同,"4,370,000","87,515,100",20.40,20.45,19.80,20.10,-0.30,"1,411"
2373,震旦行,"10,000","880,300",88.30,88.30,87.60,88.20,+0.30,10
2374,佳能,"1,319,000","15,561,600",11.65,12.00,11.40,11.85,+0.20,270
2375,凱美,"2,215,000","79,546,450",36.50,36.65,35.20,36.50,+0.25,"1,412"
2376,技嘉,"8,645,000","540,549,300",62.60,63.30,61.40,63.10,+1.70,"4,971"
2377,微星,"6,618,000","673,364,900",104.00,104.00,99.60,103.50,+1.00,"2,860"
2379,瑞昱,"5,235,000","1,281,148,000",246.50,248.00,239.50,247.00,+0.50,"3,664"
2380,虹光,"63,000","219,520",3.52,3.52,3.47,3.50,+0.02,27
2382,廣達,"5,741,000","395,446,600",69.50,69.70,67.60,69.00,+0.30,"3,454"
2383,台光電,"8,598,000","1,267,929,000",145.00,150.00,142.50,148.00,+5.00,"5,404"
2385,群光,"817,000","65,172,300",80.40,80.60,79.00,80.30,+0.80,588
2387,精元,"4,393,000","141,309,600",31.80,32.80,30.95,32.80,+1.60,"2,545"
2388,威盛,"814,000","23,506,400",29.10,29.40,28.20,29.30,-0.20,566
2390,云辰,"7,758,000","86,048,550",11.15,11.25,10.60,11.25,+1.00,"2,292"
2392,正崴,"2,152,000","76,842,200",36.05,36.15,35.40,35.80,-0.25,"1,155"
2393,億光,"1,220,000","37,967,650",31.35,31.55,30.50,31.50,+0.30,641
2395,研華,"325,000","90,546,500",279.50,283.00,272.50,283.00,+6.00,282
2397,友通,"38,000","2,848,200",75.50,75.50,74.50,75.40,+0.40,30
2399,映泰,"466,000","4,423,910",9.70,9.70,9.41,9.46,-0.22,247
2401,凌陽,"1,944,000","20,591,750",10.75,10.80,10.50,10.55,-0.15,751
2402,毅嘉,"339,000","4,291,600",12.75,12.75,12.55,12.70,-0.05,152
2404,漢唐,"6,737,000","1,377,787,500",199.00,209.00,195.50,209.00,+12.00,"4,636"
2405,浩鑫,"742,000","7,114,510",9.68,9.76,9.55,9.55,-0.15,299
2406,國碩,"1,026,000","9,699,130",9.48,9.58,9.37,9.40,-0.03,324
2408,南亞科,"7,059,000","415,425,200",59.50,59.80,58.00,59.70,+0.30,"4,127"
2409,友達,"39,198,000","296,089,210",7.58,7.65,7.43,7.60,+0.04,"7,028"
2412,中華電,"4,531,000","501,827,500",111.50,111.50,110.50,110.50,-0.50,"1,451"
2413,環科,"2,508,000","32,207,100",12.05,13.30,11.85,13.30,+1.20,779
2414,精技,"232,000","5,552,000",23.90,24.05,23.80,24.05,+0.20,130
2415,錩新,"528,000","8,597,200",16.05,16.70,15.80,16.55,+0.65,237
2417,圓剛,"6,520,000","90,913,800",13.90,14.10,13.70,13.70,-0.25,"1,581"
2419,仲琦,"277,000","5,510,200",20.10,20.10,19.75,19.95,+0.05,152
2420,新巨,"184,000","6,122,450",33.70,33.70,33.10,33.40,-0.05,109
2421,建準,"5,444,000","286,919,400",52.10,53.50,51.00,53.50,+2.10,"3,429"
2423,固緯,"241,000","5,670,400",23.60,23.80,23.40,23.65,+0.05,177
2424,隴華,"6,000","106,000",17.45,17.80,17.45,17.80,X0.00,5
2425,承啟,"117,000","2,815,100",24.40,24.50,23.85,24.00,-0.25,85
2426,鼎元,"969,000","13,082,950",13.75,13.75,13.35,13.45,-0.15,456
2427,三商電,"18,000","179,410",9.99,10.00,9.93,10.00, 0.00,14
2428,興勤,"447,000","38,171,300",85.80,86.60,83.70,86.40,+0.80,337
2429,銘旺科,"169,000","3,018,650",18.20,18.20,17.70,17.90,-0.15,98
2430,燦坤,"95,000","1,610,400",16.75,17.05,16.75,17.00,+0.10,55
2431,聯昌,"162,000","1,315,800",8.15,8.18,8.04,8.15,-0.03,85
2433,互盛電,"64,000","3,330,500",51.80,52.50,51.60,52.40,+0.40,49
2434,統懋,0,0,0.00,0.00,0.00,0.00, 0.00,0
2436,偉詮電,"793,000","20,793,300",26.25,26.45,25.85,26.40,+0.20,466
2438,翔耀,"75,000","412,370",5.50,5.56,5.40,5.50,-0.06,29
2439,美律,"1,573,000","207,310,000",130.50,133.50,130.00,133.50,+3.50,"1,077"
2440,太空梭,"15,000","129,010",8.51,8.69,8.51,8.69,+0.05,14
2441,超豐,"353,000","15,801,200",44.70,45.10,44.30,44.95,+0.15,203
2442,新美齊,"518,000","3,986,450",7.77,7.77,7.65,7.69,+0.05,181
2443,億麗,"28,000","79,810",2.85,2.90,2.83,2.85, 0.00,17
2444,兆勁,"1,441,000","21,541,200",15.15,15.50,14.70,14.95,-0.20,512
2448,晶電,"23,267,000","863,861,400",37.15,37.80,36.00,37.70,+1.05,"10,148"
2449,京元電子,"19,338,000","600,035,500",31.65,31.80,30.35,31.10,-0.50,"10,121"
2450,神腦,"84,000","2,338,600",28.00,28.00,27.75,27.95,+0.05,60
2451,創見,"959,000","67,466,000",70.10,71.00,69.70,70.90,+0.80,646
2453,凌群,"461,000","7,458,000",16.40,16.40,16.05,16.25,-0.05,192
2454,聯發科,"11,252,000","5,112,952,500",451.50,460.00,449.00,460.00,+18.00,"7,518"
2455,全新,"2,823,000","237,528,000",83.10,85.90,81.00,85.90,+2.90,"1,968"
2456,奇力新,"4,041,000","400,479,400",100.50,101.00,97.20,100.00,+0.10,"2,958"
2457,飛宏,"457,000","3,119,580",6.90,6.90,6.75,6.84,-0.11,176
2458,義隆,"3,366,000","307,834,700",91.70,93.00,90.10,92.70,+1.70,"2,104"
2459,敦吉,"121,000","4,901,650",40.70,40.75,40.20,40.70,+0.45,74
2460,建通,"81,000","634,690",7.86,7.88,7.81,7.88, 0.00,22
2461,光群雷,"564,000","8,087,850",14.50,14.50,14.25,14.30,-0.20,297
2462,良得電,"91,000","2,423,400",26.65,26.70,26.55,26.70,+0.05,40
2464,盟立,"491,000","18,187,250",37.30,37.35,36.90,37.10,+0.20,307
2465,麗臺,"301,000","2,710,430",9.03,9.11,8.90,9.02,-0.13,105
2466,冠西電,"46,000","1,329,900",28.85,28.95,28.85,28.95,+0.10,23
2467,志聖,"2,840,000","86,446,950",30.45,30.80,30.10,30.40,-0.05,"1,507"
2468,華經,"41,000","515,000",12.60,12.65,12.50,12.60,+0.05,32
2471,資通,"455,000","9,603,650",21.30,21.35,20.95,21.10,-0.20,231
2472,立隆電,"3,073,000","130,336,150",41.85,43.20,40.80,42.75,+0.90,"1,638"
2474,可成,"8,285,000","1,738,378,000",205.50,212.50,205.00,212.00,+7.00,"5,516"
2476,鉅祥,"161,000","3,181,150",19.95,19.95,19.70,19.75, 0.00,75
2477,美隆電,"13,000","275,300",21.00,21.30,21.00,21.30,+0.20,12
2478,大毅,"7,341,000","553,173,200",76.50,77.20,73.60,77.20,+1.30,"4,946"
2480,敦陽科,"1,645,000","110,774,600",65.90,68.20,65.90,68.10,+2.50,"1,101"
2481,強茂,"2,039,000","48,393,750",24.15,24.15,23.20,24.05,+0.10,"1,003"
2482,連宇,"433,000","4,955,500",11.20,11.60,11.20,11.55,+0.40,157
2483,百容,"99,000","1,930,450",19.75,19.75,19.40,19.45,-0.25,56
2484,希華,"3,611,000","78,278,350",21.35,21.90,21.00,21.80,+0.80,"1,639"
2485,兆赫,"485,000","7,683,550",16.05,16.10,15.60,16.00,+0.05,256
2486,一詮,"310,000","2,234,170",7.28,7.29,7.11,7.25,-0.04,86
2488,漢平,"93,000","2,625,750",28.15,28.35,28.10,28.30,+0.05,58
2489,瑞軒,"905,000","6,520,200",7.34,7.35,7.15,7.20,-0.13,314
2491,吉祥全,"140,000","1,099,620",7.70,7.94,7.70,7.89,+0.19,56
2492,華新科,"9,323,000","1,714,071,000",184.00,188.00,179.00,188.00,+4.00,"6,751"
2493,揚博,"1,676,000","57,980,150",34.60,34.85,34.20,34.80,+0.20,"1,037"
2495,普安,"183,000","2,101,150",11.45,11.55,11.45,11.55,+0.05,41
2496,卓越,"179,000","13,158,600",71.20,75.00,71.20,72.10,+1.70,135
2497,怡利電,"74,000","1,164,150",15.80,15.80,15.60,15.80,-0.15,45
2498,宏達電,"10,235,000","298,901,450",28.65,29.80,28.35,29.50,+1.40,"5,352"
2501,國建,"388,000","7,337,750",18.80,19.00,18.70,19.00,+0.25,207
2504,國產,"4,963,000","69,270,950",13.85,14.10,13.75,13.90, 0.00,"1,092"
2505,國揚,"5,067,000","108,077,650",20.90,21.60,20.80,21.30,+0.60,"1,920"
2506,太設,"24,000","216,240",9.04,9.04,8.98,9.03,-0.01,10
2509,全坤建,"40,000","804,450",19.90,20.20,19.90,20.20,+0.30,24
2511,太子,"1,151,000","11,099,980",9.68,9.73,9.61,9.65,-0.03,256
2514,龍邦,"62,000","874,200",14.00,14.20,13.95,14.20,+0.10,49
2515,中工,"2,421,000","16,284,840",6.79,6.79,6.68,6.75,+0.02,512
2516,新建,"18,000","84,050",4.68,4.71,4.65,4.69,+0.06,11
2520,冠德,"5,160,000","138,808,250",26.25,27.35,26.25,27.30,+1.35,"2,203"
2524,京城,"145,000","4,357,800",30.00,30.25,29.90,30.15,+0.30,88
2527,宏璟,"316,000","6,175,500",19.60,19.70,19.40,19.65,+0.25,127
2528,皇普,"38,000","761,100",20.05,20.05,20.00,20.05,+0.10,19
2530,華建,"176,000","2,819,300",16.00,16.25,15.80,16.20,+0.25,90
2534,宏盛,"518,000","8,838,650",17.05,17.25,16.90,17.15,+0.10,250
2535,達欣工,"671,000","14,451,650",21.60,21.65,21.45,21.60, 0.00,263
2536,宏普,"418,000","9,731,450",23.15,23.50,23.10,23.40,+0.30,169
2537,聯上發,"703,000","7,035,740",10.05,10.10,9.95,10.00, 0.00,221
2538,基泰,"194,000","1,911,070",9.82,9.95,9.77,9.92,+0.10,85
2539,櫻花建,"399,000","13,782,800",34.50,34.90,34.30,34.60,+0.10,140
2540,愛山林,"58,000","1,668,750",29.50,29.50,28.55,29.15,-0.10,27
2542,興富發,"1,535,000","67,477,900",44.00,44.15,43.75,44.15,+0.05,891
2543,皇昌,"2,000","13,100",6.55,6.55,6.55,6.55, 0.00,2
2545,皇翔,"146,000","4,820,800",32.95,33.15,32.80,33.10,+0.15,92
2546,根基,"130,000","5,008,350",38.25,38.75,38.20,38.70,+0.60,80
2547,日勝生,"537,000","5,283,840",9.90,9.90,9.76,9.86, 0.00,159
2548,華固,"1,044,000","96,766,100",92.00,93.00,92.00,93.00,+1.20,753
2597,潤弘,"80,000","4,903,300",61.10,61.60,60.80,61.50,+0.40,49
2601,益航,"1,052,000","9,858,260",9.38,9.44,9.30,9.40,+0.01,352
2603,長榮,"6,754,000","72,589,600",10.80,10.85,10.65,10.75, 0.00,"1,426"
2605,新興,"732,000","10,228,650",13.90,14.15,13.85,14.10,+0.05,223
2606,裕民,"1,956,000","56,406,350",28.75,29.05,28.35,29.00,+0.60,887
2607,榮運,"1,102,000","14,124,350",12.85,12.90,12.75,12.90,+0.05,238
2608,嘉里大榮,"234,000","9,426,300",40.90,40.95,40.05,40.30,-0.35,176
2609,陽明,"1,809,000","11,830,010",6.51,6.68,6.46,6.53,-0.15,508
2610,華航,"13,213,000","108,971,110",8.24,8.35,8.18,8.26,+0.02,"2,717"
2611,志信,"115,000","694,450",6.08,6.08,5.96,6.04,+0.04,47
2612,中航,"66,000","1,549,450",23.55,23.65,23.10,23.65,+0.15,47
2613,中櫃,"51,000","685,500",13.40,13.50,13.25,13.50,+0.10,35
2614,東森,"6,553,000","101,344,750",15.65,15.70,15.35,15.60,+0.05,"1,964"
2615,萬海,"571,000","9,158,350",16.00,16.15,15.95,16.10,+0.15,218
2616,山隆,"294,000","8,926,250",30.50,30.50,30.25,30.50,+0.15,55
2617,台航,"242,000","3,796,500",15.80,15.85,15.60,15.70,-0.05,146
2618,長榮航,"11,128,000","122,754,850",11.05,11.15,10.90,11.15,+0.15,"2,602"
2630,亞航,"93,000","1,500,850",16.30,16.35,16.00,16.05,-0.50,45
2633,台灣高鐵,"23,716,000","873,133,550",35.55,37.50,35.50,37.30,+1.85,"9,178"
2634,漢翔,"1,709,000","48,636,300",28.55,28.70,28.15,28.45,-0.10,773
2636,台驊投控,"827,000","20,011,750",23.95,24.40,23.95,24.30,+0.35,321
2637,慧洋-KY,"3,081,000","74,094,400",23.75,24.35,23.70,23.95,+0.35,837
2642,宅配通,"1,808,000","64,459,650",37.00,37.00,35.15,35.60,-0.80,"1,328"
2701,萬企,"386,000","4,601,800",11.75,12.10,11.65,12.00,+0.35,142
2702,華園,"1,118,000","19,186,650",16.35,17.40,16.25,17.40,+1.55,588
2704,國賓,"980,000","27,310,150",27.45,28.45,27.00,28.00,+1.10,546
2705,六福,"1,334,000","19,676,450",13.85,15.10,13.70,15.10,+1.35,453
2706,第一店,"1,044,000","13,958,850",13.10,13.70,12.95,13.55,+0.55,345
2707,晶華,"1,938,000","281,668,500",140.00,149.50,139.00,148.50,+10.00,"1,468"
2712,遠雄來,"8,000","331,050",40.25,41.95,39.85,41.95,+3.80,8
2722,夏都,"64,000","1,626,100",23.80,25.70,23.80,25.70,+2.30,51
2723,美食-KY,"3,244,000","359,650,500",106.50,114.00,106.00,114.00,+10.00,"2,278"
2727,王品,"2,572,000","184,025,500",68.80,73.50,68.50,73.10,+5.10,"1,945"
2731,雄獅,"2,227,000","165,331,900",70.50,76.50,70.50,76.50,+6.80,"1,718"
2739,寒舍,"392,000","9,230,550",23.05,23.90,23.05,23.65,+0.60,202
2748,雲品,"727,000","33,843,050",43.40,47.40,43.40,47.40,+4.30,494
2801,彰銀,"7,334,000","137,379,400",18.80,18.85,18.65,18.80,+0.05,"1,622"
2809,京城銀,"1,765,000","58,251,650",32.70,33.25,32.60,33.25,+0.70,708
2812,台中銀,"5,365,000","60,779,300",11.40,11.40,11.20,11.40, 0.00,"1,253"
2816,旺旺保,"145,000","2,767,750",19.20,19.25,19.00,19.20,-0.05,60
2820,華票,"687,000","10,090,950",14.65,14.75,14.65,14.70,+0.05,223
2823,中壽,"13,784,000","277,005,800",20.05,20.25,19.85,20.20,+0.40,"3,459"
2832,台產,"247,000","4,919,250",19.65,20.00,19.65,19.95,+0.30,121
2834,臺企銀,"12,303,000","130,806,350",10.65,10.70,10.55,10.65, 0.00,"2,427"
2836,高雄銀,"196,000","1,848,210",9.46,9.46,9.41,9.45,-0.01,55
2838,聯邦銀,"691,000","7,374,400",10.70,10.75,10.60,10.70, 0.00,164
2838A,聯邦銀甲特,"70,000","3,779,700",54.10,54.10,53.90,54.10, 0.00,25
2841,台開,"2,212,000","14,223,610",6.48,6.49,6.38,6.46,-0.01,551
2845,遠東銀,"2,212,000","23,487,250",10.65,10.65,10.55,10.65, 0.00,513
2849,安泰銀,"58,000","819,000",14.25,14.35,14.10,14.20,+0.15,26
2850,新產,"350,000","12,320,200",35.35,35.50,35.00,35.35,+0.05,165
2851,中再保,"198,000","3,717,450",18.75,19.00,18.70,19.00,+0.20,95
2852,第一保,"131,000","1,811,400",13.90,13.90,13.75,13.90,+0.15,48
2855,統一證,"995,000","13,094,600",13.10,13.25,13.10,13.25,+0.15,258
2867,三商壽,"2,722,000","25,156,160",9.33,9.36,9.15,9.27,-0.06,760
2880,華南金,"6,459,000","123,516,350",19.15,19.20,19.05,19.20,+0.10,"1,935"
2881,富邦金,"8,204,000","340,125,650",41.90,41.95,41.00,41.70, 0.00,"2,453"
2881A,富邦特,"82,000","5,327,000",64.90,65.00,64.90,65.00, 0.00,81
2881B,富邦金乙特,"78,000","4,990,900",64.00,64.00,63.80,64.00, 0.00,60
2882,國泰金,"7,566,000","295,817,150",39.30,39.50,38.85,39.15,-0.10,"3,013"
2882A,國泰特,"94,000","5,994,300",63.80,63.80,63.70,63.80, 0.00,86
2882B,國泰金乙特,"8,000","508,500",63.60,63.60,63.50,63.60,+0.10,6
2883,開發金,"15,215,000","135,584,090",8.95,8.98,8.85,8.97,+0.04,"3,201"
2884,玉山金,"18,070,000","482,887,400",26.75,26.85,26.55,26.85,+0.10,"6,295"
2885,元大金,"18,334,000","297,561,650",16.15,16.35,16.10,16.30,+0.15,"3,796"
2886,兆豐金,"9,267,000","280,587,400",30.50,30.55,30.10,30.35,-0.10,"3,153"
2887,台新金,"10,432,000","130,270,900",12.50,12.55,12.40,12.50, 0.00,"2,721"
2887E,台新戊特,"14,000","761,700",54.40,54.50,54.40,54.50, 0.00,5
2887F,台新戊特二,"2,000","104,500",52.20,52.30,52.20,52.30,-0.10,2
2888,新光金,"20,412,000","165,785,880",8.18,8.18,8.07,8.15,+0.05,"3,260"
2888A,新光金甲特,"23,000","1,019,000",44.25,44.50,44.20,44.50,+0.15,13
2889,國票金,"4,879,000","56,026,900",11.55,11.60,11.40,11.50,-0.05,"1,259"
2890,永豐金,"13,107,000","151,618,250",11.60,11.65,11.50,11.60,+0.05,"2,283"
2891,中信金,"15,111,000","296,752,500",19.55,19.75,19.50,19.75,+0.20,"4,898"
2891B,中信金乙特,"76,000","5,024,600",65.80,66.60,65.80,66.50,+0.70,67
2891C,中信金丙特,"8,000","502,000",62.60,63.00,62.60,63.00, 0.00,5
2892,第一金,"11,686,000","256,475,600",21.95,22.10,21.75,22.10,+0.15,"3,140"
2897,王道銀行,"558,000","3,910,460",7.04,7.04,6.95,7.03, 0.00,184
2897A,王道銀甲特,"139,000","1,429,900",10.30,10.30,10.25,10.30, 0.00,22
2901,欣欣,"8,000","181,150",22.70,22.70,22.45,22.70,+0.15,5
2903,遠百,"929,000","22,427,900",23.55,24.60,23.55,24.45,+0.80,453
2904,匯僑,"72,000","1,722,350",23.95,24.00,23.85,23.95,+0.05,42
2905,三商,"459,000","9,942,450",21.65,21.80,21.50,21.75,+0.15,198
2906,高林,"8,575,000","110,351,400",14.00,14.00,12.45,12.65,-1.15,"2,965"
2908,特力,"589,000","10,989,500",18.65,18.80,18.50,18.75,+0.15,306
2910,統領,"6,000","188,100",31.00,31.55,31.00,31.55,-0.05,4
2911,麗嬰房,"72,000","421,020",5.90,5.90,5.81,5.86,-0.04,36
2912,統一超,"502,000","149,878,500",300.50,300.50,297.50,298.50,-1.00,382
2913,農林,"382,000","5,406,150",14.20,14.30,14.00,14.25,+0.10,174
2915,潤泰全,"1,090,000","73,441,500",67.40,67.70,66.90,67.50,+0.40,680
2923,鼎固-KY,"80,000","1,889,750",23.70,24.05,23.50,23.70,+0.20,28
2929,淘帝-KY,"520,000","29,371,400",57.10,57.80,55.50,57.60,+0.80,383
2936,客思達-KY,"34,000","500,550",15.00,15.00,14.50,14.75,-0.05,11
2939,凱羿-KY,"135,000","18,884,000",141.50,142.50,139.00,139.50,-2.00,95
3002,歐格,"56,000","577,450",10.30,10.40,10.25,10.40,+0.10,29
3003,健和興,"611,000","23,840,600",39.65,39.70,38.70,39.10,-0.40,409
3004,豐達科,"193,000","10,566,000",55.60,55.60,54.10,55.20,-0.50,145
3005,神基,"1,173,000","51,717,950",44.35,44.40,43.70,44.25,-0.20,575
3006,晶豪科,"4,788,000","194,735,500",40.35,41.25,39.60,40.65,+0.65,"2,611"
3008,大立光,"410,000","1,568,005,000","3,880.00","3,880.00","3,770.00","3,835.00",-5.00,395
3010,華立,"706,000","39,741,200",56.50,56.80,55.50,56.80,+1.40,479
3011,今皓,"98,000","518,180",5.32,5.35,5.16,5.32,-0.10,43
3013,晟銘電,"73,000","902,750",12.30,12.40,12.25,12.40,+0.05,42
3014,聯陽,"7,729,000","456,918,300",57.90,60.80,57.00,60.70,+3.70,"4,758"
3015,全漢,"176,000","3,807,750",21.80,21.80,21.55,21.65,-0.15,103
3016,嘉晶,"21,342,000","1,483,027,900",66.50,71.00,66.00,71.00,+6.40,"12,343"
3017,奇鋐,"10,060,000","371,478,200",37.20,37.60,36.50,37.55,+0.20,"6,167"
3018,同開,"811,000","15,098,950",18.60,18.90,18.25,18.35,-0.20,277
3019,亞光,"1,437,000","98,361,200",68.90,69.50,67.10,69.00,+0.90,"1,024"
3021,鴻名,"49,000","632,600",12.80,13.00,12.80,12.90,+0.10,17
3022,威強電,"154,000","6,257,450",40.75,41.00,40.40,40.50,-0.35,109
3023,信邦,"730,000","108,118,500",147.50,150.00,146.00,150.00,+3.50,583
3024,憶聲,"4,904,000","41,055,530",7.99,8.69,7.99,8.60,+0.70,"1,457"
3025,星通,"24,000","457,050",19.10,19.10,18.90,19.10,+0.20,20
3026,禾伸堂,"3,734,000","454,356,500",122.50,125.00,119.00,124.50,+2.00,"2,625"
3027,盛達,"94,000","748,590",7.92,8.07,7.92,8.00,-0.09,41
3028,增你強,"194,000","3,652,700",18.90,18.90,18.75,18.85,-0.05,88
3029,零壹,"720,000","23,483,250",32.65,32.95,32.40,32.70,+0.10,417
3030,德律,"1,403,000","77,061,600",55.40,55.80,53.80,55.60, 0.00,924
3031,佰鴻,"409,000","5,885,500",14.45,14.60,13.75,14.60,+0.20,191
3032,偉訓,"214,000","6,204,900",29.10,29.10,28.85,29.05,+0.05,117
3033,威健,"413,000","5,953,050",14.60,14.60,14.20,14.50,-0.05,214
3034,聯詠,"2,522,000","504,064,500",200.00,203.00,195.50,202.50,+4.00,"1,795"
3035,智原,"1,733,000","75,600,950",44.00,44.20,43.00,43.70,+0.10,"1,112"
3036,文曄,"675,000","26,096,100",38.80,38.90,38.50,38.85,+0.20,358
3037,欣興,"25,284,000","985,985,450",39.30,39.75,38.10,39.40,+0.25,"10,637"
3038,全台,"12,999,000","262,573,650",20.20,20.75,19.55,20.70,+0.55,"4,674"
3040,遠見,"1,666,000","63,323,200",39.65,40.00,37.00,37.50,-2.15,"1,206"
3041,揚智,"2,239,000","37,482,800",16.80,17.20,16.20,17.15,+0.50,"1,102"
3042,晶技,"19,470,000","1,124,986,300",55.50,59.10,54.50,58.80,+3.80,"11,737"
3043,科風,"126,000","176,190",1.39,1.45,1.39,1.45,-0.04,12
3044,健鼎,"2,240,000","247,503,500",110.00,112.00,108.00,111.50,+3.00,"1,448"
3045,台灣大,"2,626,000","279,898,500",107.00,107.50,106.00,107.50,+1.00,"1,189"
3046,建碁,"10,000","119,050",11.95,11.95,11.90,11.90,-0.15,6
3047,訊舟,"370,000","2,979,620",8.12,8.14,7.98,8.05,-0.07,147
3048,益登,"1,637,000","29,323,450",17.80,18.10,17.50,18.00,+0.40,888
3049,和鑫,"3,711,000","37,444,200",10.20,10.20,10.00,10.05,-0.10,959
3050,鈺德,"226,000","2,106,500",9.42,9.43,9.10,9.42,+0.02,101
3051,力特,"358,000","1,269,410",3.70,3.74,3.45,3.50,-0.04,58
3052,夆典,"579,000","6,323,450",11.10,11.10,10.80,11.00,+0.05,181
3054,立萬利,"12,000","279,900",23.00,23.45,23.00,23.45,-0.05,12
3055,蔚華科,"108,000","2,964,150",27.80,27.80,27.25,27.35,-0.15,53
3056,總太,"4,160,000","137,270,000",32.20,33.65,32.20,33.35,+1.25,"1,827"
3057,喬鼎,"2,142,000","10,926,260",5.28,5.28,4.90,4.93,-0.13,724
3058,立德,"195,000","1,279,550",6.61,6.68,6.35,6.54,-0.19,97
3059,華晶科,"1,098,000","24,943,500",22.65,23.10,22.25,23.00,+0.35,511
3060,銘異,"4,872,000","68,121,550",13.50,14.40,13.50,13.90,+0.45,"2,087"
3062,建漢,"756,000","10,924,700",14.55,14.55,14.35,14.45,-0.10,396
3090,日電貿,"1,257,000","65,436,900",52.10,52.70,51.20,52.60,+0.60,849
3094,聯傑,"226,000","3,995,800",17.50,17.85,17.40,17.80,+0.30,146
3130,一零四,"6,000","942,000",157.00,158.00,156.00,158.00, 0.00,6
3149,正達,"1,133,000","7,793,260",7.15,7.15,6.80,6.83,-0.28,321
3164,景岳,"250,000","6,148,850",23.85,24.80,23.85,24.50,+0.65,152
3167,大量,"43,000","1,682,150",39.20,39.30,39.00,39.15,-0.05,28
3189,景碩,"11,863,000","533,921,600",46.10,46.45,44.15,45.00,-1.40,"6,449"
3209,全科,"565,000","11,369,600",20.10,20.30,19.95,20.30,+0.25,232
3229,晟鈦,"69,000","621,510",9.21,9.21,8.95,9.00,-0.17,38
3231,緯創,"9,197,000","257,828,800",28.45,28.45,27.70,28.20,-0.20,"3,628"
3257,虹冠電,"954,000","65,441,900",68.50,69.50,66.90,68.70,+0.50,635
3266,昇陽,"97,000","1,280,300",13.25,13.30,13.15,13.25, 0.00,49
3296,勝德,"39,000","502,950",12.80,13.00,12.75,12.90,-0.20,22
3305,昇貿,"92,000","1,799,450",19.65,19.70,19.45,19.70,+0.05,58
3308,聯德,"1,000","5,200",5.20,5.20,5.20,5.20,-0.25,1
3311,閎暉,"394,000","11,808,750",29.90,30.25,29.60,29.80,+0.10,259
3312,弘憶股,"291,000","4,346,150",15.10,15.10,14.80,14.95,-0.05,132
3321,同泰,"724,000","7,623,400",10.90,10.90,10.30,10.60,-0.40,323
3338,泰碩,"3,418,000","306,777,200",90.40,91.50,88.80,89.80,-1.00,"2,257"
3346,麗清,"127,000","3,233,700",25.50,25.85,25.25,25.70,+0.45,88
3356,奇偶,"1,329,000","31,451,800",23.15,24.25,22.95,23.80,+1.45,783
3376,新日興,"2,355,000","311,367,500",129.00,134.50,127.00,133.00,+5.00,"1,556"
3380,明泰,"3,394,000","90,720,250",26.85,26.85,26.65,26.70,+0.05,"2,447"
3383,新世紀,"18,000","76,110",4.18,4.29,4.18,4.29,-0.08,11
3406,玉晶光,"5,452,000","2,591,519,500",476.00,486.00,465.50,479.00,+4.00,"4,188"
3413,京鼎,"1,981,000","326,913,000",166.00,167.50,162.00,167.00,+1.50,"1,364"
3416,融程電,"111,000","6,313,100",55.50,57.40,55.50,57.40,+1.60,72
3419,譁裕,"221,000","3,048,700",13.95,13.95,13.65,13.80,-0.10,113
3432,台端,"74,000","870,900",11.90,11.95,11.60,11.70,-0.10,48
3437,榮創,"2,047,000","37,397,300",18.30,18.60,17.70,18.40, 0.00,940
3443,創意,"1,118,000","252,845,500",225.50,229.50,222.00,229.50,+5.50,949
3450,聯鈞,"2,292,000","143,752,000",63.70,63.80,61.50,63.80,+0.60,"1,664"
3454,晶睿,"191,000","13,636,400",71.80,72.10,70.00,72.00,+1.50,150
3481,群創,"31,483,000","193,338,670",6.19,6.21,6.10,6.16, 0.00,"5,614"
3494,誠研,"104,000","340,920",3.25,3.35,3.25,3.35,+0.04,47
3501,維熹,"65,000","2,897,150",44.80,44.80,44.35,44.60,-0.20,48
3504,揚明光,"433,000","26,121,800",59.60,61.60,59.00,60.90,+1.60,354
3515,華擎,"13,873,000","2,064,401,500",144.00,152.50,142.50,148.00,+9.00,"9,080"
3518,柏騰,"611,000","21,548,250",34.95,36.25,34.00,36.00,+1.20,432
3528,安馳,"31,000","1,183,400",38.60,38.60,37.80,38.40,-0.10,30
3530,晶相光,"726,000","57,671,400",79.40,81.00,77.60,81.00,+2.00,545
3532,台勝科,"807,000","120,241,000",151.00,151.50,148.00,148.50,-2.50,647
3533,嘉澤,"992,000","400,387,000",401.00,409.50,398.00,409.50,+13.00,905
3535,晶彩科,"973,000","15,377,250",15.80,16.15,15.40,15.85,+0.30,404
3536,誠創,0,0,0.00,0.00,0.00,0.00, 0.00,0
3543,州巧,"559,000","9,887,600",18.05,18.05,17.30,17.95,-0.05,291
3545,敦泰,"4,385,000","135,872,150",31.40,31.75,30.55,30.85,-0.25,"2,158"
3550,聯穎,"53,000","633,050",11.80,12.05,11.80,12.00,+0.15,28
3557,嘉威,"1,385,000","99,481,300",71.40,73.90,70.20,71.90,+0.40,949
3563,牧德,"752,000","250,917,000",337.00,338.50,325.00,338.50,+6.00,689
3576,聯合再生,"3,940,000","23,587,160",6.03,6.08,5.93,5.98,-0.03,"1,032"
3583,辛耘,"139,000","6,382,500",46.20,46.70,45.60,46.30,+0.30,112
3588,通嘉,"861,000","26,980,600",31.20,32.00,30.55,31.80,+1.15,543
3591,艾笛森,"72,000","865,650",12.25,12.25,11.90,11.95,-0.25,43
3593,力銘,"866,000","9,825,000",10.90,11.65,10.70,11.65,+1.05,295
3596,智易,"1,947,000","161,093,200",82.80,84.30,80.90,84.30,+1.60,"1,526"
3605,宏致,"712,000","17,399,400",24.15,24.95,24.10,24.45,+0.35,386
3607,谷崧,"263,000","3,116,700",11.85,12.00,11.60,11.85,-0.05,132
3617,碩天,"101,000","8,120,500",80.10,81.20,79.70,80.90,+0.90,80
3622,洋華,"149,000","2,802,250",18.75,18.95,18.65,18.90,+0.15,66
3645,達邁,"382,000","15,132,700",40.15,40.20,39.00,39.80,-0.35,239
3653,健策,"1,132,000","236,534,000",208.00,212.00,204.00,211.50,+6.00,939
3661,世芯-KY,"3,950,000","1,147,320,000",293.00,298.00,286.00,290.00,-3.00,"3,227"
3665,貿聯-KY,"515,000","96,029,500",186.00,188.00,183.00,188.00,+3.50,455
3669,圓展,"777,000","23,177,250",30.00,30.15,29.55,29.85,+0.25,461
3673,TPK-KY,"2,602,000","108,962,400",42.20,42.60,41.20,42.25,+0.65,"1,556"
3679,新至陞,"45,000","2,745,200",61.30,61.30,60.70,61.30,+0.20,42
3682,亞太電,"2,720,000","17,752,530",6.57,6.58,6.50,6.54,-0.02,630
3686,達能,"779,000","2,852,030",3.68,3.75,3.58,3.64,-0.01,146
3694,海華,"113,000","1,961,650",17.05,17.50,17.00,17.40,+0.35,72
3698,隆達,"6,579,000","120,738,800",18.60,18.70,17.95,18.50,+0.05,"2,823"
3701,大眾控,"6,000","78,550",13.10,13.55,12.80,13.55,+0.05,6
3702,大聯大,"1,171,000","45,440,600",38.95,39.00,38.50,38.90,+0.30,696
3702A,大聯大甲特,"138,000","6,809,600",49.40,49.40,49.30,49.30,-0.05,86
3703,欣陸,"628,000","7,388,000",11.75,11.85,11.70,11.85,+0.05,140
3704,合勤控,"2,613,000","41,908,950",16.15,16.35,15.60,16.05, 0.00,963
3705,永信,"1,263,000","60,939,650",48.10,48.50,47.80,48.50,+0.70,698
3706,神達,"14,300,000","461,330,050",32.60,33.00,31.80,32.35,-0.05,"7,127"
3708,上緯投控,"848,000","69,406,600",81.20,82.90,80.50,82.70,+2.40,601
3711,日月光投控,"9,457,000","576,318,000",61.30,61.80,60.10,61.10,-0.20,"3,785"
3712,永崴投控,"273,000","3,575,400",13.30,13.30,12.95,13.25,-0.05,125
4104,佳醫,"1,316,000","76,129,400",57.30,58.40,56.80,58.00,+1.00,925
4106,雃博,"18,503,000","744,182,650",38.10,41.15,38.10,41.15,+3.70,"10,167"
4108,懷特,"2,748,000","56,896,650",19.35,21.20,19.35,21.20,+1.90,"1,270"
4119,旭富,"2,966,000","427,094,000",145.50,146.50,142.50,143.50,-1.00,"2,143"
4133,亞諾法,"28,336,000","2,043,197,900",68.30,74.40,68.00,74.40,+6.70,"16,337"
4137,麗豐-KY,"2,458,000","498,374,500",195.00,207.50,191.50,207.50,+18.50,"1,835"
4141,龍燈-KY,"134,000","1,867,900",13.95,14.10,13.65,14.10,+0.15,90
4142,國光生,"31,685,000","1,970,364,700",60.60,63.80,60.00,63.80,+5.80,"16,527"
4144,康聯-KY,"786,000","17,773,150",22.05,23.35,21.95,23.25,+1.55,449
4148,全宇生技-KY,"1,187,000","49,520,650",39.10,42.60,39.10,42.60,+3.85,728
4155,訊映,"2,551,000","80,024,950",30.65,31.90,30.25,31.70,+1.10,"1,146"
4164,承業醫,"390,000","15,266,800",39.05,39.60,38.50,39.50,+0.55,270
4190,佐登-KY,"683,000","58,834,300",83.00,87.50,82.40,86.60,+4.00,595
4306,炎洲,"452,000","4,769,050",10.55,10.65,10.45,10.55,-0.05,170
4414,如興,"809,000","6,698,930",8.46,8.46,8.20,8.26,-0.13,315
4426,利勤,"2,511,000","84,534,300",31.65,34.75,31.25,34.75,+3.15,"1,450"
4438,廣越,"113,000","13,853,000",124.00,124.00,121.00,123.00,-0.50,82
4439,冠星-KY,"84,000","12,133,000",145.00,146.50,143.00,145.00,+1.50,72
4526,東台,"305,000","3,786,250",12.55,12.55,12.25,12.45,-0.05,131
4532,瑞智,"259,000","4,339,100",16.80,16.95,16.65,16.85,+0.05,166
4536,拓凱,"1,049,000","127,409,500",122.50,123.50,119.00,122.00,+1.00,726
4540,全球傳動,"1,169,000","63,518,400",53.50,55.00,53.00,55.00,+2.40,832
4545,銘鈺,"35,000","930,050",26.35,26.90,26.35,26.85,-0.05,25
4551,智伸科,"789,000","113,408,500",146.50,146.50,140.00,144.50,+1.50,605
4552,力達-KY,"631,000","20,015,050",31.15,32.40,30.75,32.40,+1.65,375
4555,氣立,"403,000","21,641,300",54.00,54.30,52.20,53.80,+0.80,325
4557,永新-KY,"14,000","949,600",67.70,68.00,67.70,68.00, 0.00,12
4560,強信-KY,"287,000","13,772,200",48.00,48.30,47.60,48.15,+0.15,155
4562,穎漢,"22,000","370,200",17.15,17.15,16.75,16.85,+0.15,13
4564,元翎,"328,000","10,349,200",32.40,32.40,31.20,31.80,-0.15,218
4566,時碩工業,"248,000","9,864,500",40.25,40.25,39.45,40.00,-0.20,183
4571,鈞興-KY,"2,000","120,100",60.00,60.10,60.00,60.10,+0.60,2
4572,駐龍,"24,000","1,950,500",81.20,81.80,80.60,81.70,-0.30,22
4576,大銀微系統,"89,000","6,238,200",71.30,71.30,68.80,70.30, 0.00,83
4581,光隆精密-KY,"798,000","38,610,600",49.40,50.00,46.00,46.20,-1.40,528
4720,德淵,"7,992,000","128,324,650",16.80,17.15,15.30,15.40,-1.55,"3,297"
4722,國精化,"1,109,000","30,078,400",27.75,27.75,26.70,26.80,-1.10,382
4725,信昌化,"3,506,000","17,976,360",5.00,5.52,5.00,5.47,-0.04,980
4737,華廣,"116,000","7,879,300",67.20,68.20,67.20,67.80, 0.00,77
4739,康普,"204,000","11,424,300",56.90,57.20,54.90,56.10,-0.40,160
4746,台耀,"8,946,000","490,659,500",55.00,55.80,53.70,55.10,+0.40,"5,297"
4755,三福化,"179,000","8,875,150",48.00,50.70,48.00,49.30,+1.90,148
4763,材料-KY,"193,000","23,845,500",123.50,125.00,122.00,124.00,+0.50,150
4764,雙鍵,"60,000","4,126,300",69.00,69.10,68.30,68.80,+0.20,40
4766,南寶,"682,000","94,245,500",141.00,141.50,136.50,136.50,-0.50,533
4807,日成-KY,"72,000","2,028,100",28.65,28.65,28.00,28.25,-0.30,42
4904,遠傳,"1,667,000","108,370,800",65.30,65.50,64.20,65.30,+0.10,857
4906,正文,"703,000","14,917,950",21.40,21.40,21.00,21.30,+0.10,379
4912,聯德控股-KY,"81,000","6,635,600",80.70,82.60,80.70,82.00,+2.00,63
4915,致伸,"1,439,000","66,394,150",46.85,47.20,45.45,46.50,+0.20,"1,002"
4916,事欣科,"193,000","5,166,600",26.70,27.00,26.50,26.85,+0.15,109
4919,新唐,"2,392,000","90,034,800",37.35,38.10,36.50,38.10,+0.80,"1,539"
4927,泰鼎-KY,"8,092,000","575,586,500",70.80,72.50,69.60,72.50,+2.80,"4,514"
4930,燦星網,"111,000","1,092,160",9.64,10.10,9.64,10.10,+0.49,49
4934,太極,"4,199,000","72,248,450",16.65,17.70,16.55,17.60,+0.90,"1,759"
4935,茂林-KY,"11,409,000","1,623,869,500",138.50,148.00,136.00,142.50,+7.00,"7,716"
4938,和碩,"6,380,000","390,341,600",61.10,61.70,60.50,61.50,+0.80,"3,088"
4942,嘉彰,"117,000","3,920,350",33.85,33.85,33.15,33.75,+0.25,91
4943,康控-KY,"1,127,000","131,697,500",119.00,119.50,114.50,117.50, 0.00,927
4952,凌通,"109,000","3,155,750",29.35,29.35,28.70,29.00,-0.25,89
4956,光鋐,"6,606,000","125,157,750",19.70,19.90,18.20,19.20,-0.85,"3,238"
4958,臻鼎-KY,"6,221,000","714,982,500",113.00,117.50,110.00,117.00,+5.00,"4,037"
4960,誠美材,"1,304,000","7,697,720",5.96,6.03,5.85,5.87,-0.13,439
4961,天鈺,"436,000","11,754,800",27.20,27.45,26.60,27.15,+0.05,274
4967,十銓,"2,843,000","115,135,300",40.90,41.20,39.70,40.90,+0.10,"1,665"
4968,立積,"4,075,000","587,757,000",145.00,147.50,139.50,147.00,+3.00,"2,959"
4976,佳凌,"201,000","3,575,150",17.95,18.15,17.50,17.95, 0.00,116
4977,眾達-KY,"3,356,000","422,522,500",123.00,129.50,119.50,128.00,+6.50,"2,283"
4989,榮科,"76,000","1,466,600",19.30,19.50,19.20,19.30, 0.00,56
4994,傳奇,"154,000","9,455,100",62.60,63.00,60.30,62.30,+0.10,130
4999,鑫禾,"56,000","2,252,600",40.15,40.45,39.95,40.35,+0.25,36
5007,三星,"16,000","711,150",44.40,44.70,44.35,44.70, 0.00,13
5203,訊連,"432,000","49,982,500",115.50,117.50,114.00,116.50,+1.00,303
5215,科嘉-KY,"2,855,000","254,108,000",87.50,89.60,86.30,89.60,+8.10,"1,342"
5225,東科-KY,"375,000","9,077,150",24.70,24.80,23.90,24.75, 0.00,216
5234,達興材料,"373,000","32,876,200",86.70,89.30,86.30,88.90,+2.50,283
5243,乙盛-KY,"462,000","14,021,000",30.85,30.85,29.95,30.50,-0.05,268
5258,虹堡,"227,000","5,457,800",23.70,24.50,23.35,24.00,+0.35,142
5264,鎧勝-KY,"677,000","28,823,550",42.60,43.30,42.00,43.10,+0.70,453
5269,祥碩,"967,000","1,131,810,000","1,190.00","1,205.00","1,145.00","1,170.00", 0.00,927
5283,禾聯碩,"80,000","7,870,800",98.80,98.80,97.80,98.70,-0.20,64
5284,jpp-KY,"103,000","4,180,700",40.50,41.20,40.00,40.35,-0.15,72
5285,界霖,"121,000","5,023,000",41.75,42.00,41.00,41.80,+0.25,84
5288,豐祥-KY,"255,000","24,495,600",95.40,97.50,93.80,97.20,+2.20,204
5305,敦南,"408,000","16,960,700",41.65,41.75,41.45,41.45,-0.15,264
5388,中磊,"1,093,000","80,258,400",73.10,74.30,72.40,73.60,+1.20,787
5434,崇越,"857,000","89,279,500",104.50,105.00,103.00,105.00,+0.50,596
5469,瀚宇博,"2,865,000","103,710,300",36.30,36.70,35.85,36.40,+0.05,"1,552"
5471,松翰,"7,366,000","422,039,400",58.00,58.10,56.30,57.80,+0.70,"4,388"
5484,慧友,"25,000","200,540",8.00,8.05,8.00,8.05,-0.08,6
5515,建國,"206,000","2,092,150",10.20,10.25,10.05,10.25,+0.05,74
5519,隆大,"1,349,000","20,288,500",14.90,15.20,14.75,15.10,+0.25,486
5521,工信,"1,701,000","14,295,020",8.32,8.57,8.21,8.46,+0.13,509
5522,遠雄,"960,000","42,237,950",44.20,44.20,43.85,44.00,+0.05,437
5525,順天,"23,000","461,950",20.50,20.50,19.95,20.25,+0.35,20
5531,鄉林,"593,000","4,973,410",8.50,8.50,8.32,8.46,-0.02,207
5533,皇鼎,"46,000","703,750",14.95,15.35,14.95,15.35, 0.00,20
5534,長虹,"712,000","59,044,700",82.30,83.40,82.30,83.40,+1.10,372
5538,東明-KY,"3,000","86,550",28.85,28.85,28.85,28.85,+0.05,2
5546,永固-KY,"2,129,000","146,247,700",66.10,70.20,66.10,70.00,+4.70,"1,292"
5607,遠雄港,"340,000","7,397,600",21.80,21.90,21.65,21.75,-0.05,181
5608,四維航,"622,000","3,118,930",5.04,5.08,4.98,5.05,+0.01,185
5706,鳳凰,"697,000","23,551,900",31.75,34.40,31.75,34.40,+3.10,406
5871,中租-KY,"5,229,000","595,174,500",113.00,115.50,111.00,115.50,+4.00,"2,680"
5876,上海商銀,"6,015,000","250,864,150",42.55,42.60,41.35,41.75,-0.80,"2,790"
5880,合庫金,"10,949,000","218,418,700",20.05,20.10,19.85,20.00, 0.00,"3,015"
5906,台南-KY,"13,000","221,700",17.20,17.20,16.95,17.00,+0.15,8
5907,大洋-KY,"205,000","4,947,750",23.95,24.50,23.70,24.40,+0.65,145
6005,群益證,"1,310,000","12,872,280",9.83,9.93,9.79,9.86,+0.04,617
6024,群益期,"152,000","5,831,200",38.50,38.70,38.15,38.60,+0.10,100
6108,競國,"355,000","7,324,450",20.70,20.85,20.50,20.85,+0.15,137
6112,聚碩,"904,000","36,088,300",39.80,40.25,39.60,40.00,+0.10,489
6115,鎰勝,"69,000","2,986,550",43.35,43.50,43.15,43.30,-0.05,51
6116,彩晶,"8,907,000","52,338,470",5.95,5.96,5.81,5.87,-0.07,"2,025"
6117,迎廣,"26,000","411,250",15.80,15.90,15.75,15.90,+0.10,12
6120,達運,"664,000","6,770,100",10.40,10.40,10.10,10.20,-0.10,265
6128,上福,"57,000","1,651,850",28.80,29.10,28.80,29.05,+0.25,27
6131,鈞泰,"5,000","12,900",2.58,2.58,2.58,2.58,-0.17,2
6133,金橋,"125,000","860,780",6.90,6.99,6.83,6.94,-0.15,42
6136,富爾特,"59,000","1,104,600",18.80,18.80,18.65,18.75,+0.05,33
6139,亞翔,"218,000","5,604,550",25.80,25.85,25.45,25.85,+0.10,135
6141,柏承,"471,000","8,334,750",17.85,17.90,17.50,17.75,+0.15,262
6142,友勁,"168,000","1,176,500",7.03,7.05,6.93,7.05,+0.11,43
6152,百一,"84,000","497,720",5.95,5.95,5.90,5.93,-0.02,44
6153,嘉聯益,"3,450,000","89,177,200",26.05,26.30,25.40,26.10,+0.10,"1,793"
6155,鈞寶,"527,000","12,360,750",23.55,24.00,23.15,23.80,+0.10,311
6164,華興,"133,000","761,730",5.74,5.85,5.68,5.75,-0.01,58
6165,捷泰,"874,000","25,765,850",30.60,30.75,28.50,29.35,-0.50,400
6166,凌華,"333,000","22,397,800",67.00,67.90,66.50,67.00,+0.20,266
6168,宏齊,"1,618,000","21,282,950",13.20,13.50,12.80,13.50,+0.30,640
6172,互億,"84,000","1,900,700",22.60,22.75,22.25,22.65,+0.05,29
6176,瑞儀,"3,141,000","318,653,000",101.50,102.50,100.00,102.50,+2.00,"2,107"
6177,達麗,"516,000","14,741,500",28.55,28.75,28.45,28.70,+0.15,219
6183,關貿,"83,000","3,444,750",41.70,41.80,41.30,41.80,+0.10,52
6184,大豐電,"73,000","3,072,400",42.10,42.25,42.00,42.10, 0.00,48
6189,豐藝,"297,000","10,199,750",34.30,34.50,34.10,34.40,-0.10,186
6191,精成科,"580,000","7,725,300",13.35,13.40,13.15,13.40,+0.05,291
6192,巨路,"80,000","5,184,800",65.40,65.70,64.10,65.40,-0.30,66
6196,帆宣,"4,519,000","340,664,600",75.30,77.20,73.30,76.50,+1.20,"2,928"
6197,佳必琪,"555,000","17,991,250",32.65,32.75,31.90,32.70,+0.55,308
6201,亞弘電,"15,000","499,500",33.30,33.50,33.20,33.50,+0.25,11
6202,盛群,"503,000","32,784,200",65.30,65.70,64.80,65.50,+0.40,373
6205,詮欣,"81,000","2,104,900",26.00,26.15,25.70,26.00,+0.05,53
6206,飛捷,"113,000","7,677,500",68.00,68.30,67.60,68.20,+0.20,87
6209,今國光,"457,000","10,070,700",22.30,22.30,21.70,22.20,+0.10,243
6213,聯茂,"3,350,000","439,485,500",132.50,133.00,129.00,132.50,+1.50,"2,378"
6214,精誠,"399,000","31,191,900",78.50,78.70,77.60,78.40,-0.20,299
6215,和椿,"228,000","3,563,850",15.75,15.90,15.50,15.50,-0.25,123
6216,居易,"36,000","984,700",27.40,27.40,27.30,27.35,+0.05,26
6224,聚鼎,"579,000","36,867,100",62.90,64.40,62.20,63.90,+1.20,390
6225,天瀚,"2,000","5,720",2.86,2.86,2.86,2.86,-0.04,2
6226,光鼎,"718,000","5,835,330",8.12,8.23,8.02,8.19,+0.09,323
6230,超眾,"1,625,000","365,391,500",232.00,232.50,220.50,226.50,-5.50,"1,438"
6235,華孚,"174,000","1,772,550",10.35,10.35,10.10,10.20, 0.00,83
6239,力成,"3,155,000","307,324,300",97.10,99.00,95.30,98.60,+1.60,"1,964"
6243,迅杰,"174,000","1,565,220",8.70,9.20,8.70,9.20,+0.30,73
6251,定穎,"7,326,000","139,666,550",18.95,19.25,18.70,19.15,+0.35,"2,463"
6257,矽格,"6,149,000","228,463,750",37.75,37.80,36.55,37.55,-0.35,"3,512"
6269,台郡,"2,966,000","311,127,000",104.50,106.00,102.50,106.00,+2.50,"1,702"
6271,同欣電,"7,667,000","1,096,690,000",147.00,147.00,140.50,141.50,-1.50,"4,832"
6277,宏正,"346,000","30,105,300",87.90,87.90,86.50,87.30, 0.00,265
6278,台表科,"13,134,000","1,569,485,000",118.50,123.00,116.00,119.00,+2.50,"8,233"
6281,全國電,"36,000","2,449,400",67.80,68.40,67.80,68.10,+0.30,24
6282,康舒,"844,000","17,108,050",20.30,20.50,20.05,20.40,+0.15,385
6283,淳安,"173,000","3,616,650",21.05,21.45,20.35,21.00,-0.05,109
6285,啟碁,"758,000","47,111,800",62.70,63.00,61.50,62.40,-0.10,542
6288,聯嘉,"2,810,000","56,117,300",19.60,20.40,19.35,20.40,+0.90,"1,173"
6289,華上,"31,000","57,540",1.93,1.93,1.75,1.75,-0.04,13
6405,悅城,"47,000","693,300",14.70,15.00,14.70,14.70,-0.10,22
6409,旭隼,"55,000","42,122,000",775.00,786.00,759.00,765.00,+5.00,49
6412,群電,"171,000","10,662,200",62.70,62.80,62.00,62.50,-0.10,152
6414,樺漢,"348,000","64,489,500",186.00,187.50,181.50,186.00,+2.00,289
6415,矽力-KY,"938,000","1,348,180,000","1,395.00","1,475.00","1,385.00","1,475.00",+105.00,889
6416,瑞祺電通,"7,487,000","1,036,623,000",135.50,141.50,132.00,140.00,+7.00,"4,927"
6431,光麗-KY,"8,000","182,350",22.70,23.00,22.70,22.85,+0.20,8
6442,光聖,"8,000","283,750",35.10,35.70,35.10,35.70,+0.30,8
6443,元晶,"837,000","5,192,830",6.25,6.25,6.17,6.20,+0.01,223
6449,鈺邦,"104,000","3,106,350",29.90,30.35,29.50,30.00,+0.10,71
6451,訊芯-KY,"909,000","97,400,500",106.00,110.00,102.50,110.00,+5.00,750
6452,康友-KY,"393,000","59,678,500",152.50,153.50,149.00,152.50,+1.00,330
6456,GIS-KY,"23,821,000","2,703,916,000",111.00,118.00,109.50,116.50,+9.00,"15,104"
6464,台數科,"36,000","4,109,000",115.00,115.50,113.50,114.00,-0.50,21
6477,安集,"362,000","7,630,750",21.00,21.50,20.55,21.45,+0.85,182
6491,晶碩,"104,000","12,872,500",124.00,126.50,120.50,126.50,+3.00,96
6504,南六,"3,230,000","767,070,000",241.50,244.00,232.00,236.00,-5.50,"2,757"
6505,台塑化,"4,418,000","391,386,300",89.90,90.00,88.00,89.00,-1.00,"2,801"
6525,捷敏-KY,"114,000","6,710,400",58.50,59.40,58.20,59.10,+0.60,81
6531,愛普,"3,976,000","837,484,500",206.50,219.50,201.00,214.00,+7.00,"3,116"
6533,晶心科,"1,122,000","133,193,000",117.50,120.50,115.00,120.00,+4.00,922
6541,泰福-KY,"1,704,000","81,794,750",49.10,49.10,47.10,47.85,-2.05,"1,057"
6552,易華電,"829,000","46,879,400",57.40,58.00,55.80,56.50,-0.90,619
6558,興能高,"835,000","37,368,350",44.80,45.25,43.65,45.10,+0.90,538
6573,虹揚-KY,"47,000","820,900",17.45,17.65,17.05,17.60,+0.20,22
6579,研揚,"26,000","1,650,800",63.80,63.80,63.10,63.80, 0.00,20
6581,鋼聯,"33,000","2,003,900",61.30,61.30,60.50,60.70,-0.20,30
6582,申豐,"1,146,000","132,810,000",117.50,118.50,114.50,115.50,+0.50,914
6591,動力-KY,"1,519,000","72,226,550",45.55,48.90,44.55,48.60,+3.45,"1,126"
6592,和潤企業,"1,268,000","101,012,200",79.50,80.30,79.00,79.60, 0.00,882
6605,帝寶,"126,000","6,112,850",49.30,49.30,47.90,48.85,-0.10,102
6625,必應,"16,000","608,900",38.00,38.35,38.00,38.35,+0.45,13
6641,基士德-KY,"14,000","929,700",66.10,66.60,66.10,66.50,+0.40,12
6655,科定,"41,000","1,664,950",40.95,40.95,40.50,40.50,-0.60,5
6666,羅麗芬-KY,"187,000","23,746,500",123.50,129.50,122.50,126.00,+5.50,164
6668,中揚光,"303,000","17,132,200",57.90,57.90,55.90,56.80,-0.40,232
6669,緯穎,"903,000","769,005,000",849.00,861.00,841.00,861.00,+21.00,812
6670,復盛應用,"1,564,000","276,532,000",175.00,179.50,174.50,175.50,+3.50,"1,280"
6671,三能-KY,"47,000","1,784,050",38.00,38.10,37.80,38.10,+0.30,33
6672,騰輝電子-KY,"488,000","43,211,600",88.50,89.50,87.30,89.20,+1.30,367
6674,鋐寶科技,"9,000","212,000",23.60,23.65,23.40,23.65,+0.05,7
6698,旭暉應材,"96,000","4,954,600",50.10,52.80,50.10,52.50,+1.50,74
6706,惠特,"2,452,000","355,449,500",148.00,150.50,140.00,146.00,-1.50,"1,828"
6715,嘉基,"961,000","113,395,500",118.00,121.50,114.50,121.00,+4.00,738
8011,台通,"3,190,000","54,322,550",16.70,17.30,16.65,17.00,+0.35,"1,605"
8016,矽創,"2,443,000","355,906,500",144.00,148.50,141.00,147.50,+4.50,"1,974"
8021,尖點,"380,000","7,559,850",19.95,20.15,19.70,20.15,+0.20,196
8028,昇陽半導體,"1,171,000","57,026,250",48.20,49.70,47.10,49.65,+1.65,808
8033,雷虎,"244,000","1,970,660",8.19,8.19,8.05,8.05,-0.14,124
8039,台虹,"1,102,000","50,668,300",46.50,46.75,45.35,46.55,+0.45,773
8046,南電,"21,415,000","1,177,378,900",55.60,56.30,54.20,54.70,+0.60,"11,562"
8070,長華,"54,000","8,482,000",157.00,158.00,156.00,158.00,+1.00,50
8072,陞泰,"66,000","1,426,900",21.80,21.80,21.45,21.60,+0.05,42
8081,致新,"1,977,000","285,493,500",142.50,147.00,140.50,147.00,+6.00,"1,366"
8101,華冠,"1,616,000","5,322,550",3.33,3.45,3.16,3.32,-0.01,332
8103,瀚荃,"117,000","2,903,300",24.55,25.15,24.55,25.05,+0.50,72
8104,錸寶,"185,000","7,280,050",39.90,40.10,38.60,39.75,-0.05,153
8105,凌巨,"601,000","5,300,490",8.91,8.91,8.75,8.83,-0.08,239
8110,華東,"590,000","5,530,290",9.48,9.49,9.30,9.44,-0.03,276
8112,至上,"3,070,000","91,483,000",29.75,30.05,29.50,29.95,+0.30,"1,741"
8114,振樺電,"70,000","5,906,900",85.20,85.20,84.00,84.90,-0.30,50
8131,福懋科,"235,000","8,716,550",37.10,37.35,36.80,37.15,+0.05,163
8150,南茂,"3,195,000","99,581,650",31.40,31.70,30.70,31.50,+0.10,"1,912"
8163,達方,"850,000","30,418,250",36.00,36.15,35.45,36.10,-0.05,537
8201,無敵,"97,000","780,150",8.12,8.14,8.00,8.10,-0.06,42
8210,勤誠,"5,510,000","532,320,400",92.80,100.50,92.20,98.10,+6.10,"3,838"
8213,志超,"1,007,000","35,492,050",35.45,35.45,35.00,35.35,+0.15,502
8215,明基材,"695,000","11,306,200",16.25,16.45,16.00,16.45,+0.20,298
8222,寶一,"23,000","303,200",13.10,13.25,13.10,13.10,-0.05,19
8249,菱光,"58,000","1,064,300",18.35,18.40,18.30,18.35, 0.00,37
8261,富鼎,"735,000","18,441,100",24.90,25.80,23.90,25.65,+1.05,545
8271,宇瞻,"1,911,000","91,305,150",47.65,48.70,46.65,48.35,+0.80,"1,214"
8341,日友,"91,000","24,144,000",267.50,268.50,263.00,265.00,-2.50,84
8367,建新國際,"119,000","2,975,800",25.20,25.20,24.80,25.00,+0.20,69
8374,羅昇,"34,000","703,800",20.80,20.95,20.50,20.75,-0.10,20
8404,百和興業-KY,"266,000","7,981,250",30.10,30.20,29.75,30.00,-0.40,149
8411,福貞-KY,"52,000","540,550",10.40,10.50,10.30,10.50, 0.00,19
8422,可寧衛,"174,000","27,149,000",155.50,157.00,155.00,156.50,+1.50,123
8427,基勝-KY,"2,000","95,100",47.55,47.55,47.55,47.55,-0.95,2
8429,金麗-KY,"235,000","1,719,520",7.37,7.37,7.24,7.33,+0.06,103
8442,威宏-KY,"42,000","1,685,750",40.00,40.85,39.70,40.65,+0.85,27
8443,阿瘦,"12,000","102,170",8.48,8.55,8.48,8.54,+0.04,10
8454,富邦媒,"170,000","94,420,000",554.00,562.00,548.00,561.00,+12.00,162
8462,柏文,"227,000","44,588,500",198.50,200.00,194.00,196.50, 0.00,204
8463,潤泰材,"193,000","7,311,000",37.80,38.50,37.30,38.40,+0.50,121
8464,億豐,"629,000","156,053,000",247.50,254.50,241.50,251.00,+3.50,532
8466,美吉吉-KY,"7,000","465,900",65.20,67.00,65.20,67.00,+0.40,7
8467,波力-KY,"30,000","1,590,400",53.80,55.50,52.30,53.00,-0.80,26
8473,山林水,"52,000","2,246,700",43.95,43.95,42.85,43.30,+0.20,39
8478,東哥遊艇,"60,000","2,045,350",34.60,34.60,33.90,33.95,-0.55,44
8480,泰昇-KY,"30,000","4,056,500",136.00,136.00,134.50,136.00, 0.00,30
8481,政伸,"70,000","4,190,600",59.50,60.00,59.00,60.00,+1.60,63
8482,商億-KY,"75,000","7,982,000",107.00,107.50,105.50,106.50,-1.50,46
8488,吉源-KY,0,0,0.00,0.00,0.00,0.00, 0.00,0
8497,格威傳媒,"2,000","135,000",67.50,67.50,67.50,67.50,+0.10,2
8499,鼎炫-KY,"71,000","7,376,500",104.50,104.50,103.00,104.50,+0.50,62
8926,台汽電,"2,365,000","88,349,550",37.35,37.85,36.70,37.75,+0.70,"1,193"
8940,新天地,"821,000","8,695,430",9.96,10.90,9.96,10.90,+0.95,311
8996,高力,"4,080,000","299,054,800",72.80,74.70,71.20,74.60,+3.60,"2,948"
9103,美德醫療-DR,"10,515,000","64,254,250",5.72,6.29,5.72,6.29,+0.57,"1,831"
910322,康師傅-DR,"5,000","128,950",26.20,26.20,25.40,25.65,+0.30,4
910482,聖馬丁-DR,"4,670,000","1,085,740",0.23,0.24,0.22,0.24, 0.00,244
9105,泰金寶-DR,"648,000","1,602,700",2.45,2.49,2.45,2.46,+0.01,73
910861,神州-DR,"21,000","179,090",8.29,8.55,8.29,8.53,-0.16,5
9110,越南控-DR,"83,000","110,970",1.29,1.39,1.29,1.34,+0.02,39
911608,明輝-DR,"1,000","1,220",1.22,1.22,1.22,1.22, 0.00,1
911616,杜康-DR,"906,000","781,180",0.90,0.94,0.83,0.94,+0.03,150
911622,泰聚亨-DR,0,0,0.00,0.00,0.00,0.00, 0.00,0
911868,同方友友-DR,0,0,0.00,0.00,0.00,0.00, 0.00,0
912000,晨訊科-DR,"27,000","48,710",1.83,1.83,1.79,1.80,-0.09,10
912398,友佳-DR,"85,000","186,370",2.21,2.22,2.12,2.20,+0.05,27
9136,巨騰-DR,"595,000","5,417,420",9.56,9.56,9.00,9.20,-0.19,124
9188,精熙-DR,"132,000","329,000",2.51,2.52,2.48,2.49,-0.02,34
9802,鈺齊-KY,"1,508,000","136,445,100",90.00,92.40,87.80,92.00,+2.00,"1,143"
9902,台火,"232,000","2,047,440",8.83,8.90,8.75,8.79,+0.11,88
9904,寶成,"8,029,000","219,878,650",27.85,27.85,27.10,27.50, 0.00,"2,992"
9905,大華,"59,000","1,245,200",21.20,21.25,21.05,21.15,-0.05,45
9906,欣巴巴,"11,000","241,750",21.90,22.00,21.90,22.00,+0.40,10
9907,統一實,"2,016,000","17,238,140",8.70,8.70,8.52,8.59,-0.04,419
9908,大台北,"90,000","2,693,650",29.90,30.05,29.85,30.05,+0.20,56
9910,豐泰,"2,067,000","374,812,000",185.50,187.50,179.00,182.00,-3.00,"1,572"
9911,櫻花,"88,000","4,072,850",46.15,46.65,45.80,46.55,+0.40,64
9912,偉聯,"43,000","281,920",6.58,6.60,6.36,6.53, 0.00,19
9914,美利達,"1,604,000","269,962,000",170.50,171.00,166.00,169.50,+3.50,"1,288"
9917,中保科,"421,000","36,210,300",86.00,87.20,85.80,86.00, 0.00,223
9918,欣天然,"3,000","102,750",34.25,34.25,34.25,34.25,+0.20,1
9919,康那香,"11,211,000","489,920,700",43.70,43.70,43.70,43.70,+3.95,"3,529"
9921,巨大,"1,491,000","352,579,500",240.00,241.50,230.50,238.50,+2.50,"1,282"
9924,福興,"129,000","5,178,350",40.30,40.30,40.05,40.20,-0.10,82
9925,新保,"108,000","3,901,000",36.05,36.25,36.05,36.10,+0.05,62
9926,新海,0,0,0.00,0.00,0.00,0.00, 0.00,0
9927,泰銘,"61,000","1,808,950",29.85,29.85,29.50,29.70,-0.15,48
9928,中視,"4,000","13,040",3.25,3.27,3.25,3.27,-0.18,4
9929,秋雨,"22,000","254,700",11.75,11.75,11.50,11.70,+0.15,12
9930,中聯資源,"44,000","1,909,350",43.45,43.50,43.20,43.45,-0.05,40
9931,欣高,"4,000","161,250",40.00,40.45,40.00,40.40,-0.10,4
9933,中鼎,"2,088,000","71,094,200",34.00,34.20,33.85,34.15,-0.05,"1,118"
9934,成霖,"661,000","8,009,150",12.30,12.35,12.05,12.15,-0.15,263
9935,慶豐富,"971,000","26,908,600",27.25,28.55,26.60,28.40,+1.40,549
9937,全國,"8,000","350,000",43.75,43.95,43.65,43.90,+0.50,8
9938,百和,"1,380,000","90,761,600",66.70,66.90,64.60,66.60,+0.60,917
9939,宏全,"613,000","33,248,000",54.40,54.60,53.70,54.50,+0.30,335
9940,信義,"458,000","11,852,050",25.45,26.15,25.40,26.15,+0.80,269
9941,裕融,"288,000","28,743,200",99.70,100.50,98.50,100.50,+1.00,216
9941A,裕融甲特,"12,000","633,900",52.80,53.00,52.70,53.00,+0.20,6
9942,茂順,"100,000","6,331,600",64.00,64.00,63.10,63.40,-0.20,85
9943,好樂迪,"642,000","42,419,800",65.00,66.80,64.80,66.70,+2.20,436
9944,新麗,"12,885,000","322,220,350",26.00,26.50,23.75,24.40,-1.25,"5,576"
9945,潤泰新,"2,102,000","94,705,400",45.00,45.35,44.70,45.30,+0.30,"1,170"
9946,三發地產,"268,000","4,116,550",15.80,15.80,15.25,15.65, 0.00,84
9955,佳龍,"251,000","4,053,550",16.25,16.30,16.00,16.15,+0.05,128
9958,世紀鋼,"3,247,000","276,273,500",84.80,86.50,83.10,86.50,+2.20,"2,251"
